Dataset,Model,Whitebox,Layers_Used,Poolers_Used,predict_accuracy,predict_f1,predict_precision,predict_recall
toxigen,FastText-300,Stacked,,,0.7031914893617022,0.13622291021671826,0.5641025641025641,0.07746478873239436
toxigen,SentenceBert,Stacked,,,0.7702127659574468,0.49767441860465117,0.7328767123287672,0.3767605633802817
toxigen,Google-news-300,Stacked,,,0.7148936170212766,0.21637426900584794,0.6379310344827587,0.13028169014084506
toxigen,Glove-Twitter-200,Stacked,,,0.7074468085106383,0.1741741741741742,0.5918367346938775,0.10211267605633803
