{
    "predict_f1": 0.1318051575931232,
    "predict_accuracy": 0.6776595744680851,
    "predict_precision": 0.35384615384615387,
    "predict_recall": 0.08098591549295775,
    "do_DKNN": false,
    "neighbor_method": null,
    "prediction_method": null,
    "Dataset": "toxigen",
    "Model": "baseline_deberta"
}